-- phpMyAdmin SQL Dump
-- version 5.2.1
-- https://www.phpmyadmin.net/
--
-- Host: 127.0.0.1
-- Generation Time: Jul 13, 2024 at 11:05 AM
-- Server version: 10.4.28-MariaDB
-- PHP Version: 8.2.4

SET SQL_MODE = "NO_AUTO_VALUE_ON_ZERO";
START TRANSACTION;
SET time_zone = "+00:00";


/*!40101 SET @OLD_CHARACTER_SET_CLIENT=@@CHARACTER_SET_CLIENT */;
/*!40101 SET @OLD_CHARACTER_SET_RESULTS=@@CHARACTER_SET_RESULTS */;
/*!40101 SET @OLD_COLLATION_CONNECTION=@@COLLATION_CONNECTION */;
/*!40101 SET NAMES utf8mb4 */;

--
-- Database: `kitchen_db`
--

-- --------------------------------------------------------

--
-- Table structure for table `admins`
--

CREATE TABLE `admins` (
  `id` int(11) NOT NULL,
  `username` varchar(50) NOT NULL,
  `password` varchar(255) NOT NULL
) ENGINE=InnoDB DEFAULT CHARSET=utf8mb4 COLLATE=utf8mb4_general_ci;

--
-- Dumping data for table `admins`
--

INSERT INTO `admins` (`id`, `username`, `password`) VALUES
(1, 'admin', 'admin');

-- --------------------------------------------------------

--
-- Table structure for table `categories`
--

CREATE TABLE `categories` (
  `id` int(11) NOT NULL,
  `name` varchar(255) NOT NULL
) ENGINE=InnoDB DEFAULT CHARSET=utf8mb4 COLLATE=utf8mb4_general_ci;

--
-- Dumping data for table `categories`
--

INSERT INTO `categories` (`id`, `name`) VALUES
(3, 'Men'),
(4, 'Women'),
(5, 'Kids'),
(6, 'Home'),
(7, 'Electronics'),
(8, 'Pets'),
(9, 'Handbag'),
(10, 'Shoes'),
(11, 'Jewelry & Accessories'),
(12, 'Makeup'),
(14, 'Cycle');

-- --------------------------------------------------------

--
-- Table structure for table `complaints`
--

CREATE TABLE `complaints` (
  `ComplaintID` int(11) NOT NULL,
  `UserID` int(11) NOT NULL,
  `ComplaintReason` varchar(255) NOT NULL,
  `Text` text NOT NULL,
  `SubmissionDate` timestamp NOT NULL DEFAULT current_timestamp()
) ENGINE=InnoDB DEFAULT CHARSET=utf8mb4 COLLATE=utf8mb4_general_ci;

--
-- Dumping data for table `complaints`
--

INSERT INTO `complaints` (`ComplaintID`, `UserID`, `ComplaintReason`, `Text`, `SubmissionDate`) VALUES
(1, 12, 'aeg', 'dage', '2024-04-13 09:55:35');

-- --------------------------------------------------------

--
-- Table structure for table `orders`
--

CREATE TABLE `orders` (
  `OrderID` int(11) NOT NULL,
  `UserID` int(11) NOT NULL,
  `TotalPrice` decimal(10,2) NOT NULL,
  `DeliveryAddress` varchar(255) NOT NULL,
  `OrderStatus` enum('Pending','Processing','Shipped','Delivered','Cancelled') NOT NULL DEFAULT 'Pending',
  `OrderDate` datetime NOT NULL DEFAULT current_timestamp()
) ENGINE=InnoDB DEFAULT CHARSET=utf8mb4 COLLATE=utf8mb4_general_ci;

--
-- Dumping data for table `orders`
--

INSERT INTO `orders` (`OrderID`, `UserID`, `TotalPrice`, `DeliveryAddress`, `OrderStatus`, `OrderDate`) VALUES
(1, 12, 1353.75, 'jampur', 'Pending', '2024-07-13 13:47:23'),
(2, 12, 76712.50, 'jampur', 'Delivered', '2024-07-13 13:47:23'),
(3, 12, 270.75, 'jampur', 'Pending', '2024-07-13 13:47:23'),
(4, 12, 3790.50, 'jampur', 'Pending', '2024-07-13 13:47:23'),
(8, 11, 1140.00, 'jampur', 'Delivered', '2024-07-13 13:47:23'),
(9, 19, 300.00, 'erfg', 'Pending', '2024-07-13 13:47:23');

-- --------------------------------------------------------

--
-- Table structure for table `order_items`
--

CREATE TABLE `order_items` (
  `OrderItemID` int(11) NOT NULL,
  `OrderID` int(11) NOT NULL,
  `ProductID` int(11) NOT NULL,
  `Quantity` int(11) NOT NULL
) ENGINE=InnoDB DEFAULT CHARSET=utf8mb4 COLLATE=utf8mb4_general_ci;

--
-- Dumping data for table `order_items`
--

INSERT INTO `order_items` (`OrderItemID`, `OrderID`, `ProductID`, `Quantity`) VALUES
(1, 1, 1, 5),
(2, 2, 2, 17),
(3, 3, 1, 1),
(4, 4, 1, 14),
(5, 8, 1, 4),
(6, 9, 1, 1);

-- --------------------------------------------------------

--
-- Table structure for table `products`
--

CREATE TABLE `products` (
  `ProductID` int(11) NOT NULL,
  `ProductName` varchar(255) NOT NULL,
  `Description` text NOT NULL,
  `Price` decimal(10,2) NOT NULL,
  `StockQuantity` int(11) NOT NULL,
  `CategoryID` int(11) DEFAULT NULL,
  `ImageURL` varchar(255) DEFAULT NULL,
  `Timestamp` timestamp NOT NULL DEFAULT current_timestamp()
) ENGINE=InnoDB DEFAULT CHARSET=utf8mb4 COLLATE=utf8mb4_general_ci;

--
-- Dumping data for table `products`
--

INSERT INTO `products` (`ProductID`, `ProductName`, `Description`, `Price`, `StockQuantity`, `CategoryID`, `ImageURL`, `Timestamp`) VALUES
(1, 'product 1', 'daette', 300.00, 15, 11, '6617be38e1943.png', '2024-04-13 10:34:57'),
(2, 'product 2', 'afeeg', 5000.00, 3, 3, '66924200e6140.png', '2024-04-13 10:34:57'),
(3, 'abb', 'asr', 5000.00, 2345, 3, '661a6d7b43e17.jpeg', '2024-04-13 08:33:15'),
(4, 'grass', 'dfgf', 4000.00, 2345, 3, '661a6d920fdf1.jpeg', '2024-04-13 08:33:38');

-- --------------------------------------------------------

--
-- Table structure for table `reviews`
--

CREATE TABLE `reviews` (
  `ReviewID` int(11) NOT NULL,
  `OrderID` int(11) NOT NULL,
  `UserID` int(11) NOT NULL,
  `Comment` text NOT NULL,
  `Rating` int(11) NOT NULL,
  `Image` varchar(255) DEFAULT NULL
) ENGINE=InnoDB DEFAULT CHARSET=utf8mb4 COLLATE=utf8mb4_general_ci;

--
-- Dumping data for table `reviews`
--

INSERT INTO `reviews` (`ReviewID`, `OrderID`, `UserID`, `Comment`, `Rating`, `Image`) VALUES
(1, 2, 12, 'product is good', 3, '661a3c72626934.44380107.png');

-- --------------------------------------------------------

--
-- Table structure for table `users`
--

CREATE TABLE `users` (
  `id` int(11) NOT NULL,
  `username` varchar(50) NOT NULL,
  `password` varchar(255) NOT NULL,
  `usertype` enum('buyer') NOT NULL,
  `email` varchar(100) NOT NULL,
  `phone` varchar(20) NOT NULL,
  `status` varchar(10) DEFAULT 'pending',
  `city` varchar(255) DEFAULT NULL,
  `verification_token` varchar(100) DEFAULT NULL
) ENGINE=InnoDB DEFAULT CHARSET=utf8mb4 COLLATE=utf8mb4_general_ci;

--
-- Dumping data for table `users`
--

INSERT INTO `users` (`id`, `username`, `password`, `usertype`, `email`, `phone`, `status`, `city`, `verification_token`) VALUES
(11, 'seller', '$2y$10$Mje0vtCZbZeX1wujrYyRL.UzlUVpOn.wfex2kmz9Y5qYCdO2MgjpO', 'buyer', 'nasijkryt.827@gmail.com', '031887895222', 'approved', NULL, NULL),
(12, 'Buyer', '$2y$10$K17n1/b0aH78M7O1gBc.qeepCZ62NUjM3UGlW6RRyKVyCs4ItbtQ2', 'buyer', 'saifx280@gmail.com', '3176526827', 'approved', NULL, NULL),
(13, 'seller2', '$2y$10$rOGbCo70yS2G4IhIQCnzUuSdDGGMZTLyFo3r/ip03NZRnAlMuYuMy', 'buyer', 'seller2@gmail.com', '03176526835', 'approved', NULL, NULL),
(19, 'adf12', '$2y$10$iE6hfJzsoI20M9OyWXrd7.rRMsd9o3IEMJcfvI4HiES7879yvewVu', 'buyer', 'nasiryt.827@gmail.com', '31765268272', 'approved', 'Karachi', '66923c805252d');

--
-- Indexes for dumped tables
--

--
-- Indexes for table `categories`
--
ALTER TABLE `categories`
  ADD PRIMARY KEY (`id`);

--
-- Indexes for table `complaints`
--
ALTER TABLE `complaints`
  ADD PRIMARY KEY (`ComplaintID`),
  ADD KEY `UserID` (`UserID`);

--
-- Indexes for table `orders`
--
ALTER TABLE `orders`
  ADD PRIMARY KEY (`OrderID`),
  ADD KEY `UserID` (`UserID`);

--
-- Indexes for table `order_items`
--
ALTER TABLE `order_items`
  ADD PRIMARY KEY (`OrderItemID`),
  ADD KEY `OrderID` (`OrderID`),
  ADD KEY `ProductID` (`ProductID`);

--
-- Indexes for table `products`
--
ALTER TABLE `products`
  ADD PRIMARY KEY (`ProductID`),
  ADD KEY `CategoryID` (`CategoryID`);

--
-- Indexes for table `reviews`
--
ALTER TABLE `reviews`
  ADD PRIMARY KEY (`ReviewID`),
  ADD KEY `OrderID` (`OrderID`),
  ADD KEY `UserID` (`UserID`);

--
-- Indexes for table `users`
--
ALTER TABLE `users`
  ADD PRIMARY KEY (`id`);

--
-- AUTO_INCREMENT for dumped tables
--

--
-- AUTO_INCREMENT for table `categories`
--
ALTER TABLE `categories`
  MODIFY `id` int(11) NOT NULL AUTO_INCREMENT, AUTO_INCREMENT=15;

--
-- AUTO_INCREMENT for table `complaints`
--
ALTER TABLE `complaints`
  MODIFY `ComplaintID` int(11) NOT NULL AUTO_INCREMENT, AUTO_INCREMENT=2;

--
-- AUTO_INCREMENT for table `orders`
--
ALTER TABLE `orders`
  MODIFY `OrderID` int(11) NOT NULL AUTO_INCREMENT, AUTO_INCREMENT=10;

--
-- AUTO_INCREMENT for table `order_items`
--
ALTER TABLE `order_items`
  MODIFY `OrderItemID` int(11) NOT NULL AUTO_INCREMENT, AUTO_INCREMENT=7;

--
-- AUTO_INCREMENT for table `products`
--
ALTER TABLE `products`
  MODIFY `ProductID` int(11) NOT NULL AUTO_INCREMENT, AUTO_INCREMENT=5;

--
-- AUTO_INCREMENT for table `reviews`
--
ALTER TABLE `reviews`
  MODIFY `ReviewID` int(11) NOT NULL AUTO_INCREMENT, AUTO_INCREMENT=2;

--
-- AUTO_INCREMENT for table `users`
--
ALTER TABLE `users`
  MODIFY `id` int(11) NOT NULL AUTO_INCREMENT, AUTO_INCREMENT=20;

--
-- Constraints for dumped tables
--

--
-- Constraints for table `complaints`
--
ALTER TABLE `complaints`
  ADD CONSTRAINT `complaints_ibfk_1` FOREIGN KEY (`UserID`) REFERENCES `users` (`id`);

--
-- Constraints for table `orders`
--
ALTER TABLE `orders`
  ADD CONSTRAINT `orders_ibfk_1` FOREIGN KEY (`UserID`) REFERENCES `users` (`id`);

--
-- Constraints for table `order_items`
--
ALTER TABLE `order_items`
  ADD CONSTRAINT `order_items_ibfk_1` FOREIGN KEY (`OrderID`) REFERENCES `orders` (`OrderID`),
  ADD CONSTRAINT `order_items_ibfk_2` FOREIGN KEY (`ProductID`) REFERENCES `products` (`ProductID`);

--
-- Constraints for table `products`
--
ALTER TABLE `products`
  ADD CONSTRAINT `products_ibfk_1` FOREIGN KEY (`CategoryID`) REFERENCES `categories` (`id`);

--
-- Constraints for table `reviews`
--
ALTER TABLE `reviews`
  ADD CONSTRAINT `reviews_ibfk_1` FOREIGN KEY (`OrderID`) REFERENCES `orders` (`OrderID`),
  ADD CONSTRAINT `reviews_ibfk_2` FOREIGN KEY (`UserID`) REFERENCES `users` (`id`);
COMMIT;

/*!40101 SET CHARACTER_SET_CLIENT=@OLD_CHARACTER_SET_CLIENT */;
/*!40101 SET CHARACTER_SET_RESULTS=@OLD_CHARACTER_SET_RESULTS */;
/*!40101 SET COLLATION_CONNECTION=@OLD_COLLATION_CONNECTION */;
